{"cameraMode":{"drawMode":0,"name":"Shaded","section":"Shading Mode"},"sceneLighting":true,"audioPlay":false,"sceneViewState":{"m_AlwaysRefresh":false,"showFog":true,"showSkybox":true,"showFlares":true,"showImageEffects":true,"showParticleSystems":true,"showVisualEffectGraphs":true,"m_FxEnabled":true},"in2DMode":false,"pivot":{"x":-5.549053192138672,"y":6.259139060974121,"z":0.09192049503326416},"rotation":{"x":-0.22904016077518464,"y":-0.48041263222694399,"z":0.13157066702842713,"w":-0.8363360166549683},"size":2.010213851928711,"orthographic":false}