{"cameraMode":{"drawMode":0,"name":"Shaded","section":"Shading Mode"},"sceneLighting":true,"audioPlay":false,"sceneViewState":{"m_AlwaysRefresh":false,"showFog":true,"showSkybox":true,"showFlares":true,"showImageEffects":true,"showParticleSystems":true,"showVisualEffectGraphs":true,"m_FxEnabled":true},"in2DMode":false,"pivot":{"x":469.0671691894531,"y":298.2699890136719,"z":53.66497802734375},"rotation":{"x":0.05128708854317665,"y":0.00149366760160774,"z":-0.00008054712088778615,"w":0.9986892342567444},"size":264.8656311035156,"orthographic":false}