{"cameraMode":{"drawMode":0,"name":"Shaded","section":"Shading Mode"},"sceneLighting":true,"audioPlay":false,"sceneViewState":{"showFog":true,"showMaterialUpdate":false,"showSkybox":true,"showFlares":true,"showImageEffects":true,"showParticleSystems":true},"in2DMode":false,"pivot":{"x":-1.6602672338485718,"y":0.44370990991592409,"z":-2.9752635955810549},"rotation":{"x":-0.04225056990981102,"y":0.04703828692436218,"z":-0.001989596989005804,"w":-0.998003363609314},"size":5.066025733947754,"orthographic":false}