{"cameraMode":{"drawMode":0,"name":"Shaded","section":"Shading Mode"},"sceneLighting":true,"audioPlay":false,"sceneViewState":{"m_AlwaysRefresh":false,"showFog":true,"showSkybox":true,"showFlares":true,"showImageEffects":true,"showParticleSystems":true,"showVisualEffectGraphs":true,"m_FxEnabled":true},"in2DMode":false,"pivot":{"x":3.2265772819519045,"y":1.0483884811401368,"z":0.2248859405517578},"rotation":{"x":-0.16304412484169007,"y":-0.020128222182393075,"z":0.003327547572553158,"w":-0.9864080548286438},"size":6.465056896209717,"orthographic":false}